num,name,explain,address
1,부산근대역사관,1929년 일제 강점기에 지어진 이 건물은 최초에는 식민지 수탈 기구인 동양척식 주식회사 부산지점으로 사용되었고 해방 후인 1949년부터는 미국 해외공보처 부산문화원이 되었다 이후 부산시민들의 끊임없는 반환 요구로 미 문화원이 철수하고 1999년 대한민국 정부로 반환된 것을 그 해 6월 부산시가 인수하였다 이 건물이 침략의 상징이었던 만큼 부산시는 시민들에게 우리의 아픈 역사를 알릴 수 있는 교육의 공간으로 활용하기 위해 근대 역사관으로 조성하였다 1920년대에 세워진 이 건물은 철근 콘크리트 조 건물로 서구 양식이 도입될 당시의 건축 경향을 살필 수 있는 몇 남지 않은 자료이다 전시 내용은 외세의 침략과 수탈로 형성된 부산의 근현대 역사를 중심으로 하였다 개항기 부산 일제의 부산 수탈 근대 도시 부산 동양척식 주식회사 근현대 한미관계 부산의 비전 등으로 구성하였다,부산광역시 중구 대청로 104 (대청동2가)
2,임시수도기념관,임시수도 기념관은 한국전쟁이라는 국난의 시기에 대한민국 임시수도로서 소명을 훌륭하게 마친 부산의 위상과 역사성을 기념하고 부산시민의 자긍심을 고 취하기 위해 1984년 6월 25일 개관하였다 개관 당시 중심 건물이었던 대통령 관저는 1925년 경상남도 도청이 진주에서 부산으로 이 전하면서 1926년 8월 10일 도지사 관사로 지어진 벽돌 조의 2층 가옥으로 1950년 625전쟁 한국전쟁의 발발로 부산이 대한민국의 임시 수도로 기능하던 기간 1950 53년에는 대한민국의 초대 대통령인 이승만 대통령이 거처하셨던 곳이다 현재 근대 건축물로서의 역사성이 인정되어 부산시 기념물 제53호로 지정되었으며 잘 가꾸어진 야외 정원과 어우러져 고즈넉한 운치를 자랑하는 곳이기도 하다 지하 1층 지상 1층의 벽돌 조 가옥인 전시관은 한국전쟁의 발발과 피란민들의 생활상 임시수도 시기 부산의 정치 경제 문화 등을 보여주는 상성 전시실로 꾸며져 있다,부산광역시 서구 임시수도기념로 45 (부민동3가)
3,40계단,40계단은 625전쟁 한국전쟁 피난 시절 교통·행정의 중심지였던 부산 중구에 위치하여 많은 피난민들이 부산항이 내려다보이는 영주동과 동광동 산비탈에 임시로 판자촌을 이루고 살았으며 바로 앞 부두에서 들어오는 구호물자를 내다 파는 장터로 이용되었다 그리고 피난 중 헤어진 가족들의 상봉 장소로 유명했으며 피난살이의 애환을 상징하는 곳이다 1951년 박재홍 이 부른 경상도 아가씨라는 곡의 소재로도 사용되는 등 당시 영주동 뒷산 동광동 보수동 일대에 흩어져 살았던 10만이 넘는 피난민들에게는 가장 친근한 장소였다 현재 동 광동 주민센터 건물 5층 전시실에는 40계단과 6·25 전쟁을 주제로 하는 부산광역시 중구의 역사가 전시되어 있다,부산광역시 중구 동광길 49 (동광동5가)
4,임시수도정부청사,일제는 부산이 유일한 항만 관문이고 교통의 중심지이며 산업·교육·문화가 발달하였다는 점 등을 내세워 경남도청을 진주에서 부산으로 이 전하려고 하였다 식민 통치의 효율을 높이면서 개항 이후부터 공을 들여 건설한 부산을 대륙 침략의 전초 기지로 활용하기 위한 속셈이었다 이러한 배경으로 임시 중앙청 부산 임시수도정부청사 은 일제 강점기인 1925년 4월 경상남도 청사로 건립되어 사용되다가 해방 이후 부산이 임시 수도가 되면서 임시 수도 정부청사로 사용되었다 즉 1950년 9월 28일부터 그해 10월 27일까지 1차 임시 수도정부청사로 1951년 1·4 후퇴 때부터 1953년 8월 15일까지 2차 임시 수도정부청사로 사용되었다 1953년 8월 15일부터는 다시 경남도청으로 사용되었으며 1983년 7월 경남도청이 창원으로 이 전하면서 도청으로서의 역사를 마감하였다 본 건물은 우리나라 근대사의 정치·사회적 변화를 간직한 역사적인 건물로 임시 수도 대통령 관저와 더불어 대표적인 피란 수도기의 정부 관련 건축물이다,부산광역시 서구 구덕로 225 (부민동2가)
5,우암동소막마을,사막 마을은 소의 막사가 있었던 곳으로 부산 사람에게도 생소한 곳이다 일본은 일제 강점기 시절 쌀뿐만 아니라 소가죽도 많이 수탈해갔고 많은 소가 이곳에서 길러지고 도축되어 일본으로 보내졌다 해방 이후 625 한국전쟁이 발발했고 인구 50만이던 부산은 전쟁 이후 88만 명으로 늘었다 갈 곳이 없던 피란민들은 해방 이후 비어 있던 이곳 소 막사까지 찾게 되었다 소 막사 한 칸의 규격은 폭 25m 길에 4m로 약 4평이 한 칸 한 칸에 나무판을 벽 삼아 살다가 시간이 흘러 시멘트 벽으로 바뀌면서 지금의 골목 형태를 갖추게 되었다 지금의 좁고 빽빽한 골목집들의 모습은 예전 막사의 형태에서 조금씩 개조되어 지금의 모습이 되었다 지금도 한 사람이 채 지나가기도 좁은 골목길에 들어서면 당시의 흔적들이 남아 있다 예전 소 막사 지붕의 모습과 환기구로 쓰이던 작은 창들을 쉽게 찾을 수 있다 유독 피란민들이 많았던 부산은 이런 곳들을 근대 유산으로 보존하고 복원하고 있다 2018년 등록문화제 715호로 지정된 사막 마을은 부산시 역사 문화마을로 지정되어 정비 중이다 현재는 소 막사 복원에 한창이다,"부산광역시 남구 우암동 외 16 189-1123
"
6,가덕도외양포마을,부산광역시 강서구에 위치한 외양포 일본군 포대는 1904년 일제 강점기 시절 일제가 러 일전쟁에서 우위를 점하기 위해 가덕도 해변에 건설한 포대로 일본군 사령부가 주둔했던 곳이다 외양 퍼가 있던 가덕도는 동쪽으로는 부산항 서쪽으로는 진해항을 끼고 있어 방어기지로 적격인 장소였다 1904년 일제는 러일전쟁을 대비해 러시아 함대에 대한 기습 공격을 가할 목적으로 외양 포엠 포대 진지를 설치하고 가덕도를 요새화할 계획을 꾸몄다 그리고 한 일의 정서에 따라 가덕도에 머물던 주민들을 내쫓고 외양 포위 토지와 가옥을 매수한 후 왜 양포를 군 용지로 강제 수용하였다 1904년 8월부터 12월까지 포대 공사가 이루어졌고 12월에 일본군 포병 제2중대가 외양 포엠 설치되었다 1905년 5월 7일 외양 포엠 진해만 요새 사령부를 세우고 왜 양포를 일본군 군사시설로 활용하였다 현재 외양포 마을에도 막사와 창고 우물 탄약고 엄폐막 사 등 주민들이 거주하며 실 사용하고 있으며 수목으로 은 폐된 포진지 유탄포 포좌 흔적 6문과 당시의 상태 그대로 보존되어 있다,부산광역시 강서구 대항동 산13-23
7,부산민주공원,민주공원은 민주 항쟁기념관을 중심으로 일제 강점기 항일투쟁으로부터 419혁명 부마민주 항쟁 610민주 항쟁 등으로 이어 내려오는 부산 시민의 민주주의 정신을 상징하는 공간이다 북쪽 언덕으로는 거대한 충혼탑이 부산 시가지를 내려다보며 서 있고 남쪽 언덕으로는 부산 민주 항쟁기념관의 횃불 조형물이 부산 하늘을 향해 솟아 있다 충혼탑은 국가와 민족을 위해 희생한 영령들의 숭고한 뜻을 널리 기리기 위해 조성한 부산의 대표적인 추모탑이다 중앙공원 시민광장을 지나 조각 동산을 지나면 419광장에 이른다 이곳에는 독재 타도와 민주주의 수호를 외치며 권력에 맞선 던 419 민주혁명 위령탑과 영령 봉안소가 있다 419광장에서 민주공원 민주 항쟁기념관 쪽으로 계단을 오르면 민주화운동 희생자를 추모하는 공간인 넋 기림 마당 추념의 장으로 연결된다,부산광역시 중구 영주동 산10-4번지
8,10.16 기념관,1979년 10월 15일 오후 부산대학교 효원 회관 부근에서 일어난 소규모 학생 시위가 우리나라의 도화선이 된 상징적 사건이다 독재 타도 궐기를 촉구하는 유인물이 살포되고 교내 시위가 일어났다 다음 날 10월 16일 약 4천여 명의 학생들이 재차 교정에 모여 유신 철폐와 독재 타도를 외치며 교내 시위를 하다가 시 내 중심가로 진출하였고 부산 시민들의 호응으로 야당 탄압 중지 독재 타도 등 시위가 확대되었다 10월 18일 0시를 기하여 부산 일원에 비상계엄이 선포되었고 부산 항쟁의 여파는 마산의 대규모 시위로 확산되어 10월 20일 창원·마산 지역에 위수령이 내려졌으며 세력이 더욱 강화된 부마민주 항쟁은 전국으로 확산되어 유신 체제를 반대하는 민중 시위로 변모되었다 부산대학교 교정에서 점화된 불길은 학생운동 노동운동 시민참여로 전국적·전 민중적으로 확산되어 우리나라 민주화 역사에 큰 획을 그었다,부산광역시 금정구 부산대학로63번길 2
9,10.16부마민중항쟁탑,부마민주 항쟁은 1979년 10월 부산대 학생들을 중심으로 한 부산·마산 시민들이 전개한 반독재 민주화 항쟁이다 1979년 8월에 yh 사건이 발생하고 10월에는 당시 신민당 대표인 김영삼을 국회의원에서 제명하자 10월 16일 부산대에서 학생 5000여 명이 유신 철폐 정치 탄압 중단 구호를 외치며 시위를 시작했다 시위가 시민의 합세로 확산되자 10월 18일 부산에 계엄령을 선포하고 계엄군을 투입했으며 20일에는 마산에 위 수령을 선포했다 10·16부 마 민중항쟁 탑원 부산대 총학생회가 1985년에 개최한 효원 대동제의 수익금으로 시작해 이후 조성된 기금으로 1988년 11월 18일 제2도서관 뜰에 건립되었다,부산광역시 금정구 부산대학로63번길 2[장전동 산30]
10,4.19혁명 고 강수영 추념탑,강수영 열사는 경남공업고등학교 3학년으로 독재 정권의 부정선거를 참을 수 없어 민주 항쟁에 나섰다가 목숨을 잃었다 1960년 4월 19일 부산의 각 고등학교 학생들과 함께 전포동에서 문현로터리 자성대까지 어깨동무를 하고 거리 행진에 나섰다가 불행하게도 경찰이 쏜 권총 탄환에 맞아 19살의 젊은 나이로 사망했다 고 강 수영 열사는 부산에서 고등학생으로는 최초의 희생자였다 짧은 일생을 조국을 위해 바친 꽃다운 넋을 불러 그날의 의거에 생사를 같이 하던 동학의 전배와 후계들은 스승과 사회의 뜻있는 사람들의 탄성을 같이 모아 마음의 탑을 세웠다 추념 탑원 부산 진구 전포동 경남공고 학내에 세워져 있다,부산광역시 부산지구 전포1동 696-1번지 경남공업고등학교
11,일광광산채굴마을,일제 강점기 강제 징용은 일본과 한국을 가리지 않았다 국내 강제 수탈의 국내 흔적 중 하나가 부산시 기장군 일광면 원리에 위치한 광산마을이다 하지만 이 광산에서 몇 명의 조선인 노동자들이 목숨을 잃었는지 얼마나 많은 강제 수탈이 진행됐는지 아는 사람이 없다 남아있는 기록이라곤 한 줄도 없는 강제 징용의 아픈 흔적이 마을 곳곳에서 발견된다 일광광산은 조선 내 5대 구리 광 중 하나였다 일광의 일본식 발음이 닛코 라 닛코 광산이라고 부르기도 한다 일광광산은 1930년대 개발됐으며 일본의 대표 기업인 스미토모 광업 주식회사에서 운영했다 구리와 은 이 풍부해 노동자들은 쉬는 날 없이 매일 주간과 야간 2교대로 채광에 동원됐다 심지어 일주일에 두세 번은 기 장면 장안읍의 청년 훈련소에서 군사 훈련까지 받아야 했다 당시 국외로 강제 징용되기 싫어 억지로 국내 징용을 택한 조선인 노동자들도 많다고 한다,부산광역시 기장군 일광면 달음길
12,아비동비석문화마을,625 전쟁 통에 가 재도구먼 짊어지고 무작정 나선 피난길 부산역으로 자꾸 몰려드는 피난민들에게 공무원이 쥐여준 작은 쪽지에는 짧은 주소가 하나 적혀 있었다 아미동 산 19번지 앞으로 그들이 터를 잡고 살아가야 할 곳 아미동 비석문화마을의 시작이었다 일본인들의 공동묘지였던 아미동 산비탈 일대는 해방 후 그대로 방치되었다가 부산으로 피난 온 사람들이 이곳에 터를 잡게 되면서 주거지로 점차 바뀌게 되었다 건축자재가 전무했던 시절 묘지 위에 판자를 놓고 비석과 상석을 재료 삼아 집을 짓기 시작했다 아미동 일대의 계단이나 담장에는 당시 피난민들이 사용했던 비석들이 곳곳에 박혀 있다 각진 상석이나 비석은 가파른 곳의 계단과 디딤돌로 쓰였고 또한 어느 집의 주춧돌과 옹벽으로도 사용되었다 그 옛날 일본 전통 가문의 문장이 그대로 남아 있는 비석도 낮은 담벼락들 사이에서 어렵지 않게 찾을 수 있다,부산광역시 서구 아미동2가 213-39
13,구포만세역사테마거리,일제 강점기 1919년 3월 1일을 기점으로 독립운동이 전국에서 일어났다 국민 모두 태극기를 손에 들고 거리로 나와 대한 독립만세를 외쳤다 구포장터 31운동은 경성의학전문학교 학생 양동근 이 내려와 구포면 서기 김봉래와 상의하고 다음날 윤경과 이기호와도 만나 거사를 도 뭐 하였다 1919년 3월 27일 김봉래 유기홍 윤경 감옥 겸 김윤기 허정 김용이 등은 박연초 이 수련 집에서 논의 끝에 3월 29일 구포 장날을 거사 일로 정한다 일부는 시 위를 위하여 시장 철시를 호소하며 장꾼을 지휘하였고 김윤기 등은 구포면 사무소로 달려가 면장에게 동참할 것을 촉구한다 예정된 장날 준비된 독립선언서와 태극기를 청년동지들에게 비밀리에 나눠주었다 그날 정오 이들은 구포시장에서 장꾼 1200여 명과 더불어 대한 독립만세를 외쳤다 일반 시민들까지 힘을 합하였다 삽시간에 시장은 흥분 감격의 도가니로 화하였다 그 후 김옥겸 외 11명의 인물이 구포 주재소에 구금되자 김 봉래 윤정은 등은 1200여 명의 군중을 이 끌고 석방을 요구하며 구포 주재소로 돌진하였다 일제 경찰들은 군중들을 향해 무차별 적으로 발포하며 강제 해산시킨다 이후 만세운동을 주동 한 이가 붙잡혔지만 이에 굴하지 않고 저항하였다 이것이 구포 만세운동이다,부산광역시 북구 구포동 305-2
14,흰여울문화마을,흰 여울 문화마을은 일제 강점기와 625전쟁을 거치면서 몰려든 사람들이 자연스레 산기슭을 오르며 파란 민촌으로 형성된 마을이다 625전쟁 시절부터 바람과 싸우며 집을 짓고 살았던 마을 사람들의 투쟁 같은 삶들이 벼랑의 길처럼 읽는 곳이다 원래는 송도 해수욕장을 바라보고 있는 마을이라 이 송도라고 했으나 도심재생사업을 시행하면서 마을 이름을 바꿨다 현재는 지역민과 문화예술인이 함께하는 생활 속의 독창적인 문화예술 창작공간으로 만들어 나가고자 흰 여울 문화마을이 탄생되었으며 다양한 콘텐츠를 지속적으로 발굴함으로써 문화와 예술이 살아 숨 쉬는 공간으로 점차 탈바꿈 되어가고 있다,부산광역시 영도구 영선동4가 1043
15,가덕도외양포일본군포진지,가덕도 외양포 마을은 113년 조성된 마을이며 가덕도 남쪽 끝단의 갯마을이다 마을을 조망할 수 있는 전망대에서 바라보면 빨강 파랑 초록색 지붕의 집들이 옹기종기 모여 앉아 있는 전형적인 어촌 마을의 한적함이 묻어난다 외양포 마을의 원래 이름은 외 항포 다 이곳은 마을 전체가 100백여 년 전 일본군 진해만 요새 사령부가 주둔해 있던 병영이었다 1904년 일본군은 러일전쟁을 일으킨 후 대한 해협의 군사거점을 확보하기 위해 64가구 주민을 몰아냈다 러시아 발탁 함대와의 격전을 대비 한 포대 사령부를 건설 주둔하기 위해서였다 당시 외양 푸는 대항마을보다 호구가 많았던 마을이다 양천 허 씨 집성촌이었던 마을 주민들이 떠나기를 완강히 거부하자 그들의 집과 세간을 불태우고 총칼을 앞세워 강제 이 주 시켜버렸다 일본군은 군사시설로 은 폐 막서 2개소 탄약고 3개소 포좌 2개를 설치해 총 6문의 280mm 유탄포를 배치했다 막사의 탄약고는 진입구를 제외한 4면을 구릉으로 처리했고 상부에 대나무와 잔디 등을 심어 은 폐했다 탄약고는 전실과 내실로 구분되며 내실로 진 입구는 이 중으로 엇갈리게 배치해 외부로부터 내실을 보호했다,부산광역시 강서구 대항동 산13-23
16,가덕도등대,가덕도 등대는 조선 말기인 1902년부터 1910년 사이에 건설된 41개 유인 등대 중 하나로서 1909년 12월에 점 등을 시작했다 공사 당시 등대 건설 소관 부서였던 탁지부 등 대국에서 맡았지만 직원이나 기술자가 대부분 일본이었으므로 일본인들에 의해 세워진 것으로 보인다 일본군이 원활한 수탈을 위해 조선 왕실에 압력을 가해 건설되었다 대한제국 당시 등대 시설이 전혀 없었는데 우리 앞바다를 항해하던 일본 배들의 좌초가 잦았다 그러자 일본은 조선 왕실을 압박해 비용을 부담하게 한 뒤 자신의 설계대로 짓도록 했다 가덕도 등대는 2003년 9월 16일 부산광역시 유형문화재 제50호로 지정되었다,부산광역시 강서구 대항동 가덕해안로 1237
17,가덕도대항인공동굴,대항 인공 동굴은 일제 강점기에 부산광역시 강서구 대항동 해안에 일본군이 만든 동굴이다 1941년 태평양 전쟁이 시작되자 조선 내 일본군은 일본이나 태평양 지역으로 배치가 되었다 1944년 중반 이후 일본군의 전력이 급 강하하자 조선의 일본군들은 본토 결전을 준비하면서 한반도 남해안의 경비를 강화하였다 이즈음 미군이 일본 본토보다 한반도에 상륙하여 거꾸로 일본을 공격한다는 첩보가 입수되었다 이에 일본은 부산과 주변 해안에 미 군 상륙 작전을 대비하기 위한 방어 시설을 구축하였다 가덕도 대항 마을의 인 공동 굴도 이와 같은 정세에서 제2차 세계 대전 말에 조성된 것으로 보인다 마을 어르신들에 따르면 가덕도 북쪽의 탄광 노동자들을 데려와 인공 동굴을 만들었다고 한다,부산광역시 강서구 가덕해안로 1169번길
18,국립일제강제동원역사관,국립 일제 강제동원 역사관은 부산광역시 남구에 세워진 역사관으로 강제동원의 실상을 규명함으로써 성숙된 역사의식을 고 취하고 인권과 세계 평화에 대한 국민 교육의 장을 제공하는 것을 목적으로 건립되었다 일제 강점기 때 부산항이 대부분의 강제동원 출발지였고 강제동 원자의 22 가량이 경상도 출신이었다는 역사성과 접근성 등을 감안하여 2008년 9월 부산에 건립 방침을 확정했다 역사관 내부에는 정부에서 수집한 강제동원 수기 사진 박물류 등이 전시되어 있으며 유족을 위한 추도 기념시설 로서의 역할은 물론 일제 강제동원 역사교육 공간과 지역 주민의 친환경적인 휴식 공간으로 활용되고 있다,부산광역시 남구 홍곡로 320번길 100
19,UN기념관,2014년 11월에 개관한 유엔 평화기념관은 유엔 참전 용사들이 잠들어 있는 유엔 기념공원이 내려 다 보이는 부산 담구 대연동 언덕 위에 자리하고 있다 전쟁의 참상과 정전협정의 무게를 각인시킬 수 있는 교육적 공간으로 참전자들의 희생을 올 곳 게 전달하는 감사의 공간을 목적으로 건립되었다 한국전쟁에 참전 한 미국 영국 터키 등의 유엔군 전사자 2300명이 안장된 유엔 기념공원이 내려 다 보이며 유엔에서 지정한 세계 유일의 성지이다 정문은 대한민국의 전통적 조 형성을 추상적으로 표현하였고 추모관은 참전 16국의 의미를 담아 내부를 디자인하였으며 외형은 다국적‧다종 교관을 염두에 두고 설계하였다 625전쟁의 역사적 사실을 기억하는 상징물로 의미가 크다,부산광역시 남구 대연동 유엔평화로 93
20,만벵듸 공동장지,명월 상동 갯거리 오름 서남쪽에는 1950년 음력 7월 7일 모슬포 섯알 오름 탄약고 터에서 집단 학살된 민간인들을 매장한 만 벵듸 공동 장지 가 있다 같은 날 희생된 백조일손 지지의 희생자와는 다른 구덩이에서 다른 시간에 학살된 만 벵듸 공동 장지의 희생자는 한림 및 무릉 지서에 검 속되었던 사람들이 다 만 벵듸 희생자들은 주로 한림 지역의 우익 인사에서부터 유족들 표현대로 농사밖에 모르던 농투성이들 과 여성들을 포함한 모든 계층 사람들이다 현재 유족들의 증언이 서로 엇갈리는 부분이 있으나 이 사건의 희생자는 63명으로 파악되고 있다 제주 43의 피해 중 하나이다 현재 제주도와 북제주군의 지원으로 묘역은 잘 정비되어 있고 위령비가 세워져 있다 묘역 안에는 섯 알 오름 희생자 외에 원래 그곳에 묻혔던 토지 주인의 묘소도 함께 자리하고 있다,"제주특별자치도 제주시 한림읍 금악리 2754번지 일대,갯거리오름길 112"
21,진아영할머니 집터,진에 영 할머니는 1914년생으로 제주 43이 일어난 다음 해인 1949년 1월 35살의 나이에 한 경면 판 포리의 집 앞에서 경찰이 무장대로 오인해 발사한 총탄에 턱을 맞고 쓰러진 뒤 구사일생으로 목숨을 건졌다 그 뒤 할머니는 무명천으로 턱을 가린 채 말을 할 수도 없고 음식도 제대로 먹지 못하는 55년의 외롭고 고통스러운 삶을 살아오다 2004년 9월 8일 한 많은 세상을 등졌다 한 많은 고통의 세월 무명천 할머니는 판 포리의 부모님의 돌아가시자 언니와 사촌들이 살고 있는 월령리로 와서 살게 되었다 할머니는 늘 사람들이 밭에 나가 텅 비어 있는 마을 울담 귀퉁이에 앉아서 누군가를 기다리는 듯 아니면 자신에게 엄청난 고통을 안겨주었던 4·3의 세월을 탓하며 놀란 눈으로 세상을 응시했다 지금 그녀의 처소는 무명천 할머니가 평생 살았던 월령리의 작은 집는 삶 터보 존 위원회에 의해 소박하게 단장되어 그녀의 비극적인 삶을 기억하는 사람들이 자주 찾곤 한다,"제주특별자치도 제주시 한림읍 월령리 381, 월령1길 22"
22,한모살 (표선백사장),이곳은 당 캐 표선 백사장 등으로도 불리며 넓은 모래사장이 펼쳐진 곳이다 어떤 혐의에 의해 붙들려 오거나 마을이 초토화된 후 산간 도피 중이던 주민이 현장에서 붙들리면 대부분 이곳에 끌려와서 총살당했다 특히 가 시리 도산리 등 표선면 관 내 대표적인 집단 학살 피해지역 주민들도 주로 이곳에서 집단 학살당했다 특히 이곳에선 가족 단위로 피신했던 산간 주민들의 희생이 많았기 때문에 어린이나 노약자의 희생도 적지 않았다 제주 4․3 당시 이곳이 수많은 주민들이 희생당한 총살쟁이 된 것은 표선리에 소재한 면사무소에 군부대가 상주했기 때문이다 면사무소 앞에 임시로 움막을 지어 유치장으로 활용했는데 유치장에 끌려온 주민들 대부분을 이곳에서 총살한 것이다 또 이곳은 모래사장이 널리 펼쳐 있어서 특정한 곳에서만 총살 집행이 이루어진 것이 아니라 한 모살 이곳저곳에서 총살이 집행됐다 표선해수욕장 서쪽에 펼쳐진 모래사장인 한 모살에 지금은 표선 민속촌과 표선면 도서관이 들어섰다 당시 대규모 학살이 이루어진 곳은 도서관 입구의 공터로 남아 있다 당시의 흔적은 찾아볼 수 없다,제주특별자치도 서귀포시 표선면 표선리
23,중문리 신사터,중문리 집단 학살 터 중 가장 참혹한 학살극이 벌여진 곳은 중문리 신사 터이다 신사 터는 일제 시기 일본인들이 신사를 모셨던 곳이라 해서 그렇게 이름 붙여진 곳으로 현재 중문 천주교회가 자리 잡고 있다 해방이 되자 지역 주민들은 제일 먼저 이곳을 때려 부쉈다 중문리 신사 터는 원래 마을에서 조금 떨어진 으슥한 곳이었다 그래서인지 제주 4․3 당시 토벌대는 이곳을 지역 주민들을 일상적으로 학살하는 장소로 이용했다 특히 12월 17일 중문리 주민 20여 명은 도피자 가족이라는 이유로 80대 노인에서부터 2살 난 아기에 이르기까지 무참히 희생됐는데 일가족이 함께 집단 총살되는 비극이 많았다,"제주특별자치도 서귀포시 중문동 1498번지 일대, 천제연로 149"
24,함덕백사장 & 서우봉,정방폭포 일출봉 등 제주도의 유명 관광지는 대부분이 제주 4․3 당시 집단 학살자였다 특히 여름 관광지로 각광을 받고 있는 해수욕장 가운데 당시 학살 터였던 곳도 있다 제주에서 잘 알려진 함덕 표선해수욕장 등이 바로 그곳이다 서어 봉과 함덕 백사장은 함덕 대대본부에 주둔한 군인들에 의해 많은 사람들이 희생된 곳이다 특히 중산간 마을에서 내려온 주민 중 도피자 가족들이나 중산간 마을 인근에 숨어 살던 피난민들이 토벌대에 발각되어함 덕 주둔 대대본부를 거쳐 즉결 처형당하는 희생이 많았다 이 서어 봉 절벽에서 1948년 12월 26일 총살이 있었다 희생자의 대부분은 선 흘리 주민들로써 선 흘리의 모든 집이 하루아침에 불타버리자 올 데 갈 데 없어 마을 인근 굴 속에 은 신 했다가 토벌대에 붙잡혀 온 민간인들이었다 실제 유족들은 희생 소식을 듣고 절벽 밑 바닷가로 내려가 시신을 등에다 새끼줄로 묶어서 가파른 절벽을 오르며 시 신 수습을 했다,제주특별자치도 제주시 조천읍 함덕리 1008번지
25,조천중학원 옛터,해방이 되면서 국민학교와 더불어 중 등 학교 설립 붐이 일어난다 이때 지어졌던 조천 중학원은 1947년 3․1절 시 위 및 총파업 이후 미 군정과 서청의 탄압을 받아 사실상 수업이 어려웠다 교사와 학생들이 수시로 잡혀가 고문을 당하고 경찰의 감시도 심했다 제주 43 사건 이후 좌파적 분위기가 압도했던 당시 분위기로는 대부분의 학생들이 민에 청 등의 조직원이 되었고 이 때문에 탄압을 피해 입산하는 사례가 속출했다 이 와중에 조천 중학원 학생들이 경찰의 고문으로 목숨을 잃은 고문치사 사건이 발생하기도 했다 5․10선거 후에는 교사와 학생들이 대부분 피신했으며 이후 조천 중학원은 빨갱이 학교 라 하여 폐원 조치됐다,"제주특별자치도 제주시 조천읍 조천리 2347번지, 신북로264(현 조천보건지소)"
26,종남마을,옛 집터들은 현재 대나무와 덤 풀숲에 남았으며 마을 길과 올레 등이 비교적 뚜렷이 남아 있다 종남 마을은 제주 4․3 사건 이후 지금까지 다른 마을에 비해 개간이 되지 않았다 지금 종남 마을엔 집 한 채의 형상이 지붕만 걷어진 채 그대로 남아 있다 마당으로 들어가는 올레와 외양간 통 시 그리고 깨어진 옹기 문구류 등이 그대로 남아 있어 잃어버린 마을의 쓸쓸함을 달래고 있다 이 외에도 초토화 이전 주민들이 직접 조성하여 이용했던 봉천 수 우물 2곳과 우마용 물통 1곳이 그대로 남아 있다 와산리 재건 이후 당시에 잃어버린 마을 중에서 집 담이 남아 있는 곳은 이곳 종남 마을이 유일하다 서귀포시 영남마을과 함께 4․3의 비극을 알리는 역사 현장으로써 가치가 높기 때문에 보존대책을 강 구해야 할 것이다,제주특별자치도 제주시 조천읍 와산리 464번지 일대
27,불카분낭 (불타버린 나무),선흘리 본동에는 마을의 역사를 묵 묵힌 지켜보는 데서 그치는 것이 아닌 제주 4․3의 상흔을 그대로 간직한 팽나무가 있다 선흘리가 초토화되면서 같이 탔지만 지금껏 살아있는 나무이다 1948년 11월 21일 마을이 초토화되면서 선 흘리의 가옥은 단 몇 채만 놔두고 모두 전소됐다 온 마을이 불타면서 마을 안거리에 위치해 있던 이 팽나무에 불이 옮겨붙어 오래된 지 주목이 불탔다 우렁차던 가지들이 전부 타들어갔으나 다행히 밑동이 살아남았다 그리고 속이 휑하니 빈 채 죽어 들어가던 나무 한 켠으로 어디선가 홀연히 날아온 씨앗 하나가 둥지를 틀어 싹을 틔웠다 이렇게 몇 십 년을 동고동락하는 나무는 마치 한 몸인 양 어우러져 있는 것을 볼 수 있다,제주특별자치도 제주시 조천읍 선흘리 1136-2번지
28,목시물굴,목 시믈 굴은 선 흘리 초토화 이후 도 툴 굴보다 작은 굴이지만 200여 명 이상 대부분의 선흘 주민들이 은 신 했다가 희생당한 곳이다 토벌대는 굴 속에 수류탄을 투척하며 주민들에게 나올 것을 종용했다 당시 주민들은 굴 밖으로 나와서 군인들에게 포위되었는데 그 가운데 20대 이상의 남자들을 한곳에 모이게 하고는 여자들과 어린애들은 차량이 드나들 수 있는 반 못 굴 인근까지 끌고 가서 차에 태우고 함 덕으로 끌고 갔다 따로 세워놓은 남자들은 굴 남쪽 50m 지점에서 한꺼번에 학살됐다 군인들은 40여 명의 죽은 시신에 이 불이 나 담요 같은 것을 덮고 그 위에 기름을 뿌려 형체를 알아볼 수 없게 하는 만행도 저질렀다 목 시믈 굴은 입구가 두 개로 길이는 약 100m 정도 된다 목 시믈 굴은 수십여 명의 사람들이 한꺼번에 들어올 수 있고 굴 내부 가장 넓은 곳에는 바위를 짜 맞추고 바닥을 평평하게 만든 곳이 있는데 이곳이 제주 4․3 당시 주민들이 피난 생활을 하며 이 부자니를 깔고 생활했던 곳의 일부다 생활 토의 서쪽으로는 굴이 다시 좁아져 낮은 포복을 하고 드나들어야 하며 이곳을 지나면 굴의 서쪽 입구가 나온다,제주특별자치도 제주시 조천읍 선흘리 산26번지 일대
29,낙선동 4.3성,1948년 11월 20일 선 흘리가 초토화 작전으로 불타버리자 마을 주민들은 인근 선흘 곳의 자연동굴이나 들판에 움막을 짓고 살았다 그러나 은 신고했던 굴이 잇따라 발각되면서 많은 희생을 치르게 된다 그런 세월을 딛고 살아남은 주민들이 1949년 봄이 되자 낙선 동예 성을 쌓고 집단 거주했다 이러한 돌성은 당시 소개된 후 재건하는 산간 마을은 물론 해변 마을까지 무장대의 습격을 방비한다는 명분으로 제주도 대부분 마을에 축성을 했다 즉 주민들과 유격대와의 연계를 차단하고 주민들을 효율적으로 감시․통제하기 위해 만들었던 전략촌의 한 유형이었다 1956년 통행 제한이 풀리면서 선 흘리 마을 사람들은 일부는 원래 마을이 있었던 자리에 집을 지어 재건하기 시작했고 일부는 성 안에 정착하여 오늘날의 낙선 돈을 형성하였다 지금 이 성터를 돌다 보면 성벽 중간에 안과 밖이 보이는 조그만 창을 볼 수 있다 낙선 동성은 제주 4․3 당시 축조된 성 가운데 원형을 가장 잘 보존하고 있는 유적 가운데 하나이다,"제주특별자치도 제주시 조천읍 선흘리 2720번지, 선흘서5길7"
30,북촌국민학교,구좌읍 등 복리에서 무장대의 기습으로 군인 2명이 피살되자 이에 대한 보복으로 북촌마을에 들어온 무장 군인들이 마을을 포위하고 집집마다 들이닥쳐 총부리를 겨누며 남녀노소 병약자 할 것 없이 사람이란 사람은 전부 학교 운동장으로 내몰고는 온 마을을 불태웠다 그렇게 4백여 채의 가옥들이 하루아침에 잿더미로 변했다 교단에 오른 현장지휘자는 먼저 민보단 책임자 장운관 를 나오도록 해서 마을 보초 잘못 섰다는 이 유로 주민들이 보는 앞에서 즉결 처분했다 그리고 어린 학생 등을 일으켜 세워 빨갱이 가족을 찾아내라고 들볶던 군인들은 이 일이 여의치 않자 주민 몇십 명씩 끌고 나가 학교 인근 밭에서 사살하기 시작했다 이 주민 학살극은 오후 5시께 대대장의 중지 명령이 있을 때까지 계속되었다 그리고 북촌 대학살이 있은 지 5년 후인 1954년 1월 23일 이곳에서 세칭 아이고 사건으로 다시 한번 제주 4․3의 아픔을 되새긴다 이 날 전몰 장병인 북촌 출신 김석태의 고별식을 끝내고 제주의 전통 풍습인 꽃놀이를 통하여 젊은 나이에 세상을 뜬 영혼을 학교 운동장에서 추도키로 했다 현재 학교의 부지가 당시와 별 차이가 없으나 건물의 형태는 현대식으로 탈바꿈했다,"제주특별자치도 제주시 조천면 북촌리 1212번지, 일주동로 1481"
31,너븐숭이 4.3기념관,북촌 주민들이 밭일을 하다가 돌아올 때 쉬어가던 넓은 땅이 있어서 너 분승이 라 불리는 이곳에는 아기 무덤 20 여기가 군락을 형성해 있어 제주 4․3 당시 참혹했던 북촌 대학살을 증언하고 있다 1949년 1월 17일 구좌읍 등 복리에서 무장대의 기습으로 군인 2명이 피살되자 이에 대한 보복으로 북촌마을에 들어온 토벌대가 마을 주민 300여 명을 대학살 한 장소로 2009년 위령 제단과 북촌 4·3 기념관 및 위령탑이 설치되어 있다 너 분승이의 아기 무덤은 당시 상태로 잘 보존되어 있다 또한 잔디나 변변한 장식도 없이 초라하게 자리하고 있어서 당시의 참혹하고 무모한 학살을 알려주기에는 더없이 소중한 공간이다 현재 이곳에는 4․3 유적지 정비 사업에 따라 북촌 학살의 비극을 알리는 소규모 기념관과 북촌 사건을 통해 4․3을 전국에 알린 현기영의 소설 순이 삼촌 문학비가 들어서 있다,"제주특별자치도 제주시 조천면 북촌리 1599번지, 북촌3길3"
32,이덕구 산전,1948년 11월 20일 제주읍 봉개리가 초토화되자 주민들은 인근 야산의 귀나 동굴 등지에 피신하게 된다 낮에는 들에서 밤에는 불타버린 집을 의지해서 움막을 짓고 살았다 그러나 1949년 2월 4일 동부 8리 대토벌을 계기로 많은 주민들이 희생 당하고 봉개리에 군부대가 주둔하면서 주민들은 당장 목숨을 부지하기 위해 더욱 깊은 산중으로 들어갈 수밖에 없었다 주민들은 은 신하기 좋은 곳을 찾아 헤매다 거친 오름 뒤편과 대나 오름 서남쪽의 마흘 뿔 못 밧 새 마흘 등지의 숲속에 임시 움막을 짓고 생활했다 하지만 토벌이 강화될수록 피난 주민들은 더욱 산 깊숙이 들어갔는데 시 안 모 룸 북받친 밧 밤 남도왓 으로 불리는 이곳까지 와서 은 신 생활을 했었다 이곳은 제주 43 난리를 피해 숨어 들어온 주민들이 집단 거주하기도 했지만 대부분의 피난 주민들이 귀순한 1949년 봄 이후에는 무장 대사령 부인 이덕구 부대가 잠시 주둔하기도 했었다고 한다 그래서 이곳 일대를 이덕구 산전이라 부르기도 한다,제주특별자치도 제주시 조천면 교래리 산 137-1번지
33,오림반,제주 4․3 초기 무장대들이 훈련을 받았던 곳으로 추정되는 곳이다 밀림 속의 너른 분지가 형성된 이곳은 북쪽으로는 계곡이 형성됐고 주변에 동수악 이승학 논고악 등이 형성된 천혜의 요새였다 때문에 무장대의 세력이 왕성했던 초기에 이곳을 근거지로 하여 훈련을 받았다 물론 훈련소가 이곳에 국한됐던 것으로 볼 수 없으며 조천면의 물장 오리 표선면의 녹산장 애월면의 새별 오름 한경면 한수기곶 등지에서도 훈련을 했었다고 한다 어림 반 은 일제가 제주도의 산림을 관리하기 위해 41개 구역을 나눴는데 산남의 다섯 번째 구역으로 나누어진 데서 붙여진 이름이다 제주시에서 서귀포로 향하는 제1횡단도로를 가다가 성판악휴게소에서 4㎞쯤 가면 표고버섯 재배지가 나타난다 숲길을 따라 동쪽으로 200m쯤 가면 넓은 광장이 나오는데 그곳이 어림 반이다 당시의 흔적은 찾아볼 수 없다,제주특별자치도 서귀포시 남원읍 신례리 산 2-1번지 일대
34,조일구락부 옛터,극장 시설이었다 극장 시설이던 이곳은 각종 단체 결성식 등 행사가 많았던 곳이다 제주 4·3의 도화선이 됐던 1947년 3·1절 기념식 직전인 47년 2월 23일 조일 구락부에서는 민주주의 민족전선 제주도 위원회 약칭 민전· 결성식이 열렸다 조선민주청년동맹도 이곳에서 창립대회를 가졌다 이날 민 전 공동위원장에는 원세훈 남로당 도당 위원장 이 일선 관음사 주지 현 경호 제주중학교 교장 가 선출됐다 박경훈 도지사가 축사를 강 인수 감찰 청장과 패트 리치 대위도 참석해 연설을 할 정도로 당시 좌파 연합체 성격인 민 전의 위력은 컸다 그러나 3·1절 발 포 사건으로 인해 민 전 간부들이 검거되면서 시련이 시작됐으나 그 해 4월 도지사직을 사직한 박경훈이 7월에는 민 전 의장으로 선출됐다 조일 구락부 옛 건물에는 당시 자취는 없다 증·개축 과정을 거치며 현대 극장으로 활용되다가 지금은 개이나 업체인 대교 상사가 들어서 있다 당시의 흔적은 찾아볼 수 없다,"제주특별자치도 제주시 삼도2동 907-11번지, 관덕로2길 11"
35,제주농업학교 옛터,역사의 비극을 품은 토벌 사령부의 땅으로 당시 제주 농업학교는 도 내의 인재들의 몰려들어 수학에 정진했던 유일한 교육기관이었다 그러나 제주 4․3이 발발하면서 이곳에는 제9연대를 시작으로 11연대 48년 5월 2연대 48년 12월 독립제1부대 49년 7월 등의 사령부가 줄줄이 자리 잡았던 곳이다 군 토벌대가 이곳에 주둔하면서 도 내의 내로라하는 유지들과 지식인 그리고 입산 자수자와 체포자 등 수많은 제주도민들이 잡혀와 고문과 취조를 당한 후 처형되거나 육지 형무소로 끌려갔던 한과 눈물의 장소이기도 했다 해방 직후인 1945년 9월 28일에는 일본군의 항복 절차가 제주 농업학교에서 진행됐고 이어 학교 내에 미 59군 정 중대본부가 설치됐다 1945년 9월 10일 제주도 건국준비위원회 위원장 오태진 결성식이 이곳에서 열리며 해방 직후 민중 자치운동의 시작을 알리기도 했다 제주농업학교는 제주도 고등교육의 산실로 일제시대에는 일제에 항거한 학생운동이 본산이었으며 해방 이후에는 미국의 점령 정책에 저항하는 학생운동이 거세었던 곳이다 특히 양과 다 반대 투쟁 등 미 군정에 대항하는 운동을 주도했고 1947년 3․1 시위에도 학생들이 주도적으로 참여했다 이러한 상황은 4․3 당시 초토화 작전을 맞아 농업학교 학생이라는 이유만으로 희생되게 만들었으며 실제 농업학교 학생과 교사들 상당수가 토벌대의 횡포를 피해 혹은 자진해서 입산하기도 했다 그만큼 희생자도 많이 발생했다 농업학교에는 9연대 본부가 주둔하면서 명실 상부한 토벌의 중심부가 됐고 여러 가지 사건을 겪었다 또 천막 수용소를 만들어 많은 도민들을 구금했고 고문 취조도 그치지 않았다 제주지역 유지들이 1948년 11월 이후 많이 끌려왔었고 일부는 즉결 처형되기도 했다 1949년 봄 귀순 공작에 따라 귀순한 주민들을 구금 취조하던 곳 중의 하나이기도 했다,"제주특별자치도 제주시 삼도1동 305-4번지 일대, 전농로100"
36,곤흘동(곤을동) 마을터,제주 43의 전 기간을 통틀어 광풍이라고 불릴 정도의 민간인 대학살이 집중적으로 벌어진 것은 1948년 10월 17일 제9연대 장 송요찬 소령이 해안선으로부터 5km 이상 중산간 지대를 통행하는 자는 모두 폭도 배로 간주한 다는 포고문이 발표되면서부터다 11월 17일에는 제주도 전역에 계엄령이 선포되면서 이른바 태워 없애고 굶겨 없애고 죽여 없애는 삼진 작전 이 전개된다 소위 초토화 작전 이 본격화된 것이다 이 기간 중산간 마을의 가옥은 95 가 전소되었는데 약 3만여 채가 불에 태워졌다 곤흘동 마을의 불에 태워지고 주민들이 무차별 학살을 당한 시기도 이 기간이었다 영문도 모른 채 눈만 껌벅이는 마을 사람들을 전부 모이게 하고는 나이가 젊은 사람들 10여 명 골라내어 곤흘동 바닷가로 데리고 가서 죽였다 마을 주민들은 화북 국민학교에 가 두었다 이어 곤 흘동도 불태웠다 이때 폐 허로 변한 곤흘동은 이후에도 집과 집을 구분 지었던 울담 울타리 돌담 만 남은 풍경으로 현재에 이르고 있다 현재 그나마 울담만 남은 곳은 예전의 안 곤흘 마을로 샛곤흘의 경우는 바터로 변해 마을의 흔적조차 남아 있지 않다,제주특별자치도 제주시 화북 1동 4438
37,4·3해원방사탑,제주도에는 예로부터 마을 어느 한 방위에 불길한 징조가 비치거나 풍수지리설에 따라 기운이 허하다고 믿는 곳에 액 운을 막으려고 방사탑을 세웠다 돌을 쌓아 만든 방사탑은 더욱 대 거왁이라고도 불렸으며 마을의 안녕을 보장하고 수호하며 전염병과 화재예방 해상 안전과 아이를 낳게 하고 보호해준다고 여겼던 것이다 이러한 제주도의 문화 풍속에 따라 추진위에서는 대규모인 명 및 물적 피해 그리고 공동체 파괴 등 무형의 피해를 재앙으로 간주해 해원 방사탑을 쌓은 것이다 제주도민의 회환의 가슴을 태웠던 제주 4․3은 세계사로서 한반도의 비극이었다 그러므로 제주도민들은 다시는 이 땅에 이러한 비극이 재발되지 않도록 방사탑을 세워야 한다 며 사업을 추진했다 4․3 해 원방 사탑은 하단의 폭 4m 높이 6m 50cm 규모로 세워졌다 지금도 제주 4․3 관련 단체에서 참배를 하는가 하면 매년 정기적으로 방사탑 제를 지내기도 한다 1998년 쌓은 형태 그대로 제주시 신산공원 입구에 세워져 있다,"제주특별자치도 제주시 일도2동 837-20번지 일대, 신산로82"
38,제주국제공항(정뜨르비행장),제주 국제공항은 1940년 초 일본이 태평양 전쟁을 시작하면서 군사적인 목적으로 만들어 놓은 것이다 당시에는 정뜨르 비행장이라 하여 도 두 봉 가까이 있는 활주로 부근에 자그마한 군용기가 이착륙할 수 있는 시설이 전부였다 1957년에 와서 활주로를 증설하여 민간항공기가 정기 취항하기 시작하였고 1982년에 국제공항으로서 규모를 갖추었다 현재 제주 국제공항은 제주 4·3 당시에는 최대의 학살 터였다 실제로 비행기가 이착륙하는 활주로 밑에는 수많은 영혼이 잠들어 있다 당시 미 군정과 군 경 토벌대는 북 제주군 관 내 무수한 양민을 재판한다는 구실로 비행장으로 끌고 와 학살한 후 바로 그 자리에 매장해버렸다 4·3 관련 자료에는 정뜨르 비행장은 수많은 주민들이 처형된 최대의 학살 터였다 한림 애월 제주시 주민들을 산 부대에 협력했다는 이유로 정뜨르 비행장에 끌어다가 그들에게 구덩이를 파게 하고 그 앞에 몰아세워서는 기관총으로 사격을 가하여 집단 학살 또는 생매장하였다 애월리 주민 80여 명 이 호리 및 인근 부락 주민 300여 명 외 무수한 양민들이 여기에서 집 단 처형되었다 이곳에는 미 군부대와 군이 토벌 부대가 주둔하고 있었다고 기록되어 있다,제주특별자치도 제주시 용담2동 1805번지 일대
39,도령마루,제주 43 당시 도령 마루에서 많은 사람이 희생되었다 특히 현기영의 소설 도령 마루의 까마귀에서 도령 마루의 학살을 정면으로 다루고 있어서 익히 잘 알려진 사실이다 그러나 희생 규모 등 실체적 진실에 다가서기 위한 노력은 너무 소홀했다 숫자가 무슨 문제겠는가 마는 20여 명 정도 희생된 학살 터 정도로 인식했던 게 사실이다 현재까지 4·3위원회에 신고된 도령 마루 희생자는 약 70여 명으로 파악된다 그러나 정밀한 조사가 더 필요하고 이 숫자보다는 더 많을 것이라는 전제가 따른다 그 이유는 신고자에 따라 장소를 도령 마루로 하기도 하지만 해태동산 비행장 옆 소나무밭 서 비행장 등 다양하게 나타나기 때문이다 지금은 제주공항에서 신제주를 오가는 도로가 뚫려 관광객들이 제주에 입도하면서 처음 맞는 관문 역할을 하고 있을 뿐만 아니라 오라 로터리와 노형으로 이어지는 도로가 넓혀지면서 지형이 많이 변모됐다 또한 석 가 탄신일과 크리스마스 시기에 점 등탑이 세워지는 등 화려함으로 치장된다 반면 도령 마루 일대는 인도도 없고 건널목도 없어 일반인이 접근하기 힘든 고립 지대로 남아 있다,제주특별자치도 제주시 용담2동 1805번지 일대
40,연미마을(오라리 방화사건 현장),4·28 평화 협상 사흘 만인 5월 1일 벌어진 이른바 오라니 방화사건 은 협상이 파기되는데 결정적인 역할을 하였다 이 사건은 제주읍 중심에서 약 2㎞가량 떨어진 오라니 연미마을에 우익 청년단원들이 대 낮에 들이닥쳐 10여 채의 민가를 태우면서 시작됐다 오라니 방화 사건은 5월 1일 벌어졌다 오전 9시경 전날 무장대에게 살해된 여인의 장례식이 열렸다 열린 장례식에는 경찰과 서청‧대청 단원 30여 명이 참여했다 매장이 끝나자 트럭은 경찰관만을 태운 채 돌아갔고 청년단원들은 그대로 남았다 그중에는 오라니 출신 대 청 단원도 포함돼 있었다 이들은 오라니 마을에 진입하면서 좌파 활동을 한 것으로 알려지고 있는 사람들의 집들을 찾아다니며 25세대 12채의 민가를 불태웠다 우익 청년단원들이 민가에 불을 지르고 마을을 벗어날 무렵 오후 1시경 무장대 20명가량이 총과 죽창을 들고 청년들을 추격했다 청년단이 급히 피해 이 과정에서 인명피해는 없었지만 이 시각 마을 어귀에서 이 마을 출신 경찰관의 어머니가 피살되었다 오후 2시경 서청‧대청 단원들로부터 무장대 소식을 접한 경찰 기동대가 2대의 트럭에 타고 오라니 마을로 출동했다 경찰이 현장에 도착했을 때 무장대는 이미 마을을 떠났고 주민들은 불붙은 집을 진화하고 있었다 그런데 경찰이 마을 어귀에서부터 총을 쏘며 진격해오자 주민들은 산 쪽으로 도망쳤다 경찰은 경비대 지프와 트럭이 출현하자 황급히 마을을 떠났다 평화 협상 당사자인 김익렬 연대장도 사건 발생 소식을 듣고 직접 모슬포에서 달려와 현장 조사를 했다 조사 결과 경찰의 후원 아래 서청‧대청 등 우익 청년단체들이 자행한 방화라고 판단 미 군정을 찾아가 이를 보고했으나 묵 살 당했다 한편 김익렬 연대장은 포기하지 않고 오라니 사건의 조사를 계속해 다음 날인 5월 2일 오라니 주민들이 방화 주동자로 지목한 대 청 단원 박 아무개를 제주 읍내에서 검거해 모슬포 영내에 구금 조치했다 그러나 박 아무개는 김익렬 연대장이 해임된 후 신임 박진경 연대장에 의해 곧 풀려나 경찰에 투신했다 이는 경비대원들의 불만을 샀고 후에 박진경 연대장 암살범들이 재판정에서 박진경 연대장의 과오를 지적할 때 그중의 하나로 언급되기도 했다 미군의 강경책이 결정돼 있었다는 점을 시 사해준다,제주특별자치도 제주시
41,박성내,박승대는 제주 43사건 토벌대의 학살 터이다 자수 사건 은 과거 자신의 죄를 자백한 사람들을 총살하는 것이다 진압군은 주민들을 모아놓고 과거 조금이라도 잘못한 사람은 자수하라 자수하면 살려주지만 나중에 발각되면 총살을 면하지 못한 다 이미 관련자 명단을 가지고 있다 고 협박했다 자수를 권했다는 사실은 관련자 명단 이 없다는 것을 반증하는 것이었지만 겁에 질린 많은 주민들이 자수했다 이들은 주로 해방 직후 건국 준비위원회나 인민위원회에서의 활동 1947년 경찰관의 3‧1절 발 포 사건에 항의해 시 위를 한 사실 무장대가 마을의 헤게모니를 장악하고 있을 때 이들의 요구에 따라 시 위에 참여하거나 식량 등을 준 사실 등을 자수했다 그러나 진압군은 약속과 달리 자수자들을 집단 총살했다 자수 사건의 대표적 사례로는 소위 박성 내 사건 이 손꼽힌다 조천면 관 내에서 자수한 200명을 수용하고 있다가 1948년 12월 21일 토벌에 따라갈 사람은 차에 타라 고 속여 150명을 제주읍 박성 내라는 하천 변에서 집단 총살한 것이다,"제주특별자치도 제주시 아라2동 2425, 간월동로 5"
42,관음사 군 주둔지 옛터,1909년 여승 안 보이려 관에 의해 창건된 관음사는 제주 현대사의 아픈 상처를 갖고 있다 관음사는 깊숙한 산 중이라는 여건과 한때 무장대의 본거지였던 어 승생악과 가까워 4․ 3 초기에는 무장대가 가끔씩 드나들기도 했다 그러나 토벌이 강화되면서는 토벌대가 인근에 주둔했고 끝내는 토벌대에 의해 전소되는 운명에 처해진다 흔히 관음사 전투 불리는 교전은 관음사 인근에 주둔한 토벌대와 매복한 무장대 간의 전투와 피난 입산한 주민들을 토벌하는 것이었다 자료 < 주한 미 육군 사령부 정보일지 g 2보고서 194941 >에 의하면 1948년 12월 15일 경비대가 관음사 인근에서 8명의 무장대를 사살했고 1949년 5월에는 5명을 사살 20명을 생포했다고 보고하고 있다 하지만 증언에 따르면 관음사 인근에서의 전투로 토벌대도 적지 않은 인명피해를 보았다고 전해진다 또 아라리 등 인근 주민들의 피난 입산도 많았는데 이들 중에도 토벌대에 의해 희생되는 이가 적지 않았다,제주특별자치도 제주시 아라1동 387번지
43,관덕정,관덕정 광장은 제주 역사의 산증인이다 조선시대인 1448년 세워진 이래 제주 역사의 굴곡을 말없이 지켜보며 침묵으로 증언해주는 곳이 관덕정이 요 이 광장이다 관덕정은 제 주목 관아의 부속 건물로 세종 30년 1448년 신숙청 목사에 의해 창건되었다 관덕 이란 사자 소이관성덕야 즉 활을 쏘는 것은 높고 훌륭한 덕을 보는 것이 다라는 《예기》의 글귀에서 유래했다 이곳에선 군사들의 활쏘기 장소 과거시험 각종 진상을 위한 봉진 행사 등이 이루어졌으며 매년 입춘에는 춘경이 치러져 문화축제의 장이 되기도 했다 제주에서 큰 행사와 각종 기념식 집회와 역사적인 사건 모두 이곳 관덕정 광장에서 일어났다 제주 43발 발의 도화선이라는 1947년 31집 회 역시 북 국민학교에서 시작되어 이곳에서 사건화된다 그 와중에서는 무장 대사령관 이덕구의 시신이 전시되는 등 격동의 공간이었다 이후 제주지역의 시민과 학생들이 끊임없이 전개한 민주화 운동과 4·3진상 규명 운동도 관덕정 광장에서 시작됐고 단절되었던 춘경의 보 구엔 도 80년 만에 이곳에서 복원되어 탐라입춘굿으로 매년 치러지고 있다,제주특별자치도 제주시 삼도2동 1051-1번지 일대
44,제주4·3평화공원,제주 4·3평화공원은 제주 43사건으로 인한 제주도 민간인 학살과 제주도민의 처절한 삶을 기억하고 추념하며 화해와 상생의 미래를 열어가기 위한 평화·인권기념공원으로 제주 43사건에 대한 공동체적 보상의 하나로 이루어졌다 1997년 12월 김대중 대통령 후보자의 4·3특별 법 제정을 통한 진상 규명 위령사업과 보상을 공약 제시 4·3범도 빈 추진 위원회의 4·3위령사업 공청회 실시 김대중 대통령 제주 방문 시 4·3공원 조성 관련 특별 교부금 지원 약속 1999 특별법 공포 2000 등이 이어져 2003년 4월 3일 평화공원 기공식이 2008년 3월 28일 평화기념관이 개관하게 되었다 현재는 역사적 의미를 되새겨 희생자의 명예 회복 및 평화·인권의 의미와 통일의 가치를 되새길 수 있는 평화와 통일의 성지이자 인권교육의 장으로 활용되고 있다,"제주특별자치도 제주시 봉개동 237-2번지, 명림로430"
46,주정공장(동척회사) 옛터,1943년 설립된 동양척식 주식회사 약칭 동척 회사 제주 주정공장은 해방 전후 제주도의 주요한 산업시설이었다 이곳은 당시로선 비교적 큰 가공 공장이었고 그에 따른 창고도 역시 큰 규모였는데 이 주정공장 창고를 제주 4․3 당시 수용소로 활용한 것이다 주정공장 창고에는 남녀노소를 불문하고 대부분의 귀순자를 한곳에 수용했으며 부상자와 임산부도 같이 수용했는데 혹 독한 고문 후유증과 열악한 수용 환경 때문에 주정공장에서 죽어 나가는 사람도 있었고 아기를 낳는 경우도 있었다 수용된 사람들은 경찰서나 군부대에서 취조를 받고 수용된 경우가 대부분이었으며 주정공장 내에 경찰 특별 수사대가 상주하면서 귀순자들을 취조하기도 했다 청년층은 대부분 재판에 회부되어 육지 형무소로 이송됐고 이들 중 대다수는 6․25 직후 집단 희생 당한다 2001년부터 매해 4월이면 주정공장이 있었던 터에서 제주도 4․3사건 희생자 유족회에서 제주 4․3 당시 행방불명된 원혼들을 위무하는 행 방불 명인 진혼제를 봉행하고 있다 지금은 당시의 건물이 모두 헐리고 수용소 터에는 대규모 아파트가 들어서 있어 당시의 흔적은 찾아볼 수 없다,제주특별자치도 제주시 건입동 918-32번지 일대
47,산지항 옛터,제주 4․3 때 군경 토벌대에 의해 저질러진 만행 가운데 하나가 수장이었는데 배를 타고 나가 살아있는 사람의 몸에 돌을 달아 매 물속에 빠뜨리거나 배 위에서 총을 쏘아 바다로 던진 것이었다 이렇게 살지 항에서 죽은 희생자는 그 수를 헤아릴 수 없다 1948년 11월부터 진압이 무자비해지면서 수장에의 한 희생이 컸다 특히 1950년 6․25 발발 직후 예비검속의 바람이 거세게 일 때에는 하루에도 수백 명씩 수장되는 비극도 있었다,제주특별자치도 제주시 건입동 940-3번지 일대
48,육시우영,어도 2구의 중심 마을이었던 자리 왓슨 1948년 5월 10일 단독선거 반대를 위해 전 주민이 새별 오름 앞에 있는 자굴왓 굴로 피신했다가 다음날 마을로 돌아오며 제주 43의 수렁으로 들어가게 된다 토벌대의 작전이 시작되면서 자리 왓에도 1948년 11월 23 25일 3일간 소개 명령이 내려졌다 그리고 곧이어 벌어진 토벌대의 초토화 작전으로 마을은 폐허로 변했다 주민들이 후에 마을에 와보니 잿더미가 된 자리와의 대지는 벌겋게 달구어진 붉은 땅이었다고 한다 그 후 주민들은 마을이 재건된 후에도 1구에 대다수가 새로운 보금자리를 마련해 자리 왓슨 현재 잃어버린 마을로 남아 있다,제주특별자치도 제주시 애월읍 하가리
49,빌레못굴,빌레 못 굴은 총 길이 11749m로 세계 최장의 용암동굴이다 천연기념물 342호로 지정되어 있다 제주 43 사건이 일어나고 1949년 1월 16일 토벌대와 민보단이 합동으로 대대적인 수색작전을 벌였으며 토벌대는 빌레 못 굴을 발견했다 빌레 못 굴에는 주로 납읍 사람 29명이 숨어 있었다 굴 입구는 좁아 찾기가 쉽지 않은데 토벌대는 당시 겨울이어서 굴 내부에서 김이 올라오는 것을 보고 찾았다고 한다 토벌대는 굴 속에 숨어 있던 강규 남의 가족 어머니 아내 아들딸 누이 송재영 강성 수 양선하 양승진 황세옥 등 29명을 굴 입구 근처에서 학살했으며 이때 희생자는 주로 어음 납읍 장 전 사람들로 시신 처리는 강규 남이 산에 피해 있다가 임시로 흙을 덮어주고 다음 해에 본격적으로 수습했다 현재 굴 입구는 철문을 달아 잠가 놓았다 빌레 못 굴 안내 표석이 새롭게 단장되어 세워져 있다,제주특별자치도 제주시 애월읍 어음2리 706번지
50,자리왓,제주시 애월읍 봉성리의 자리와 중앙에는 좌우상하 균형이 잘 잡힌 포낭 팽나무 이 비극과 폐허가 된 대지의 무상함을 전해주듯 건장하게 서 있다 제주 43 당시 어도 2구의 중심 마을이었던 자리 왓슨 1948년 5월 10일 단독선거 반대를 위해 전 주민이 새별 오름 앞에 있는 자굴왓 굴로 피신했다가 다음날 마을로 돌아오며 4·3의 수렁으로 들어가게 된다 토벌대의 작전이 시작되면서 자리 왓에도 1948년 11월 23 25일 3일간 소개 명령이 내려졌다 그리고 곧이어 벌어진 토벌대의 초토화 작전으로 마을은 폐허로 변했다 주민들이 후에 마을에 와보니 잿더미가 된 자리와의 대지는 벌겋게 달구어진 붉은 땅이었다고 한다 1948년 10월 26일 새벽 토벌대는 자리와 등 어도 2구에 들어와 가가 호호를 수색하기 시작했다 이때 젊은이나 도망갈 기미를 보인 사람 중 5명을 체포했다 군인들은 곧 이들을 자리와 입구의 금성천 상류에 위치한 불미 집으로 데려가 총살했다,제주특별자치도 제주시 애월읍 봉성리 1410번지 일대
1,덕수궁중명전,중명전은 경복궁의 집 옥재와 같은 황실 도서관으로 계획되어 대한제국 당시 1899년 경에 완성된 건물입니다 1904년 덕수궁 대화재 이후 황제의 거처로 사용되었던 공간이며 1905년을 사늑약이 강제로 체결된 아픔이 서린 역사의 현장이기도 합니다 중명전은 처음에는 서양식의 1층 건물로 만들어졌고 1901년 화재 이후 정면과 양 측면의 3면에 회랑이 있는 2층 건물로 재건되었습니다 그리고 1925년 다시 화재가 발생하여 외벽만 남기고 소실되자 건물의 형태를 변형하여 재건했으며 광복 이후 민간인에게 소유권이 이전되었습니다 문화재청은 민간 소유권이었던 중명전을 2006년에 인수하고 2009년에 변형된 건물의 형태를 되찾는 공사를 실시하여 대한제국 당시의 모습으로 복원하였습니다 복원된 중명 전에는 전시관을 마련하여 대한제국 역사 교육의 장으로 활용하고 있습니다,서울특별시 중구 소월로91 (남대문로5가 471-2번지)
2,안중근의사기념관,서울특별시 중구 남산공원에 있는 역사기념관으로 사단법인 안중근 의사숭모회가 관리 및 운영하고 있으며 1970년 10월 26일 안중근 의사 순국 60주년을 기념하여 박정희 대통령의 지시와 국민의 모금으로 설립되었다 2010년 10월 26일 이전에 있었던 한옥 모습의 구관을 철거하고 현재의 자리에 신관을 설립하여 안중근 의사 하얼빈의 거 101주년을 기념하여 개장하였다 전시관 안에는 안 중근 의사의 동상과 안 의사와 동지들이 단지 동맹을 통해 혈서로 직접 써낸 대한 독립이라 쓰인 대형 태극기가 걸려 있다 안중근 의사에 대한 업적과 유품들 그리고 안 의사의 어록 및 명언 등을 전시하고 있다 안중근 의사는 일제 강점기 시절 나라의 운명이 위험에 처한 1909년 10월 26일 하얼빈역에서 제국주의 침략의 상징 이 토 히로부미를 쓰러뜨려 대한의 민족혼이 살아있음을 세계만방에 알린 민족의 영웅이다 동양평화를 위해 헌신하신 안중근 의사는 일제의 부당한 판결을 받고 뤼순감옥에서 『동양평화론』을 저술하던 중 서론과 본문의 일부만을 남긴 채 1910년 3월 26일 순국하셨다,서울특별시 중구 세종대로 99 
3,서대문형무소역사관,서대문형무소 또는 서대문 감옥이라 불리는 이 장소는 1907년 대한제국을 점령한 한국통감부가 미국에 있을 조선인 범죄자 및 식민통치에 저항하는 조선인 독립운동가들을 투옥하기 위하여 서울에 건설한 형무소이다 서대문형무소는 1908년의 병 탄압을 위해 만들어졌다 또한 일본 제국주의에 의해 세워졌던 경성 감옥을 시초로 하고 있으며 1923년 서대문형무소로 개칭되었다 이후 해방 뒤에도 교도소 구치소로 활용되다가 1987년 교도소 시설은 경기도 의왕시로 옮기고 박물관 문화재 형식으로 운영하고 있으며 현재 그 건물에 서대문 독립공원의 서대문형무소 역사관이 설치되어 있다 대한제국 말기에 지어져 일제 강점기 때의 독립운동뿐만 아니라 광복 이후 정치적 격변과 민주화 운동에 이르기까지 근·현대사의 여러 주요 사건이 벌어진 장소가 되었다,서울특별시 서대문구 현저동 통일로 251
4,서대문독립공원,서대문 독립공원 또는 독립공원이라 불리는 이 장소는 서울특별시 서대문구 현저동에 있는 공원이다 일제 강점기 시절 독립운동가들이 갇혀 지 내던 감옥과 그들의 여러 모습을 새긴 조각 등을 갖추고 있으며 순국선열들의 숭고한 독립정신을 되새겨 볼 수 있는 산 교육장이다 1908년 경성감옥으로 문을 연 이후 애국인사와 항일 투사들이 체포 투옥되어 가장 많은 곤욕을 치른 곳이다 1912년 서대문 감옥으로 1923년에는 서대문 형무소로 1967년 7월에는 서울 구치소로 여러 번 개칭되었다가 1987년 11월 15일 서울 구치소가 경기도 의왕시로 이 전함에 따라 서울시가 1988년 옥사·담장·망루 등을 대 거 철거하고 독립공원을 조성하였으며 1992년 광복절 제47주년에 서대문 독립공원으로 개원하였다 수많은 독립투사들이 옥고를 치른 장소라는 배경 이외에도 이들이 시민들과 함께 독립운동을 전개하던 독립문과 서대문형무소 역사관이 이웃하여 그 역사적 의미가 더욱 깊다,서울특별시 서대문구 현저동 통일로 247
5,통감관저터,통감관저는 이토 히로부미 등 일제 강점기 시절 한국 침략을 진두지휘했던 일본인 통감이 거처하고 집무를 하던 곳으로 강제 병합 이후에는 1939년 경무대 현재 청와대로 이 전할 때까지 총독관저로 쓰이기도 했다 식민통치의 정점에 있던 사람의 집무 및 주거공간으로 쓰였다는 점만으로도 역사적 의미가 있는 장소이지만 통 감관 저가 기억돼야 하는 이유는 다른 데 있다 바로 1910년 8월 22일 이완용이 데라우치 통감을 만나 남산의 통 강 관저에서 한일 강제병합을 인정하는 조약에 도장을 찍은 치욕스러운 역사적 사건이 일어난 곳이 기 때문이다 그리고 8월 29일 일왕과 순종의 조서가 공포됨으로써 조선왕조 519년 대한제국 14년 만에 조선은 망하게 되었다 조선통감부는 그 후 조선총독부로 이름이 바뀌고 1926년 광화문으로 옮길 때까지 그 자리에서 악랄한 식민지 정책을 펼쳤다 지금도 이곳에는 당시의 치욕의 역사를 지켜본 400년 넘는 두 그루의 고목이 자리를 지키고 있다,서울특별시 중구 필동 퇴계로26가길 6
6,기억의터,1991년 8월 국내 최초로 김학순 할머니 당시 67세 가 일제 강점기에 일본군 위안부 피해 사실을 공개 증언했다 그 용기 있는 행동에 용기를 내 같은 해 12월 대구에서 문옥주 할머니가 두 번째 공개 증언을 했다 소문처럼 전해지던 군 위안부의 존재가 세상에 알려진 것이다 1993년부터는 정부에서 위안부 피해자 등록을 받았다 현재까지 239명이 등록했고 이 중 38명만이 생존해 있는데 평균 연령이 902세이다 기억의 터는 위안부 피해자 할머니들을 기리는 추모공원이다 위안부 할머니들의 성함이 적힌 대지의 눈과 기억하지 않는 역사는 되풀이된 다는 글귀가 새겨진 세상의 배꼽 등의 작품이 있다,서울특별시 중구 필동 퇴계로26가길 6
7,윤봉길의사기념관,윤봉길 의사의 삶과 업적을 올바로 알리고 농촌계몽과의 열 투쟁을 위한 애국애족의 나라 사랑 정신을 널리 선 양하고자 매헌 윤봉길 의사 기념사업회가 주관하여 1988년 12월 국민들의 성금으로 기념관이 건립되었다 1층 유물 전시실에서는 유물과 함께 윤봉길 의사의 생애를 시 기별로 소개하며 2층 독립운동 사진 전시실에서는 독립운동 활동 자료들을 주제별로 제공한다 또한 매헌 윤봉길 의사의 동상과 숭모비를 볼 수 있다 윤봉길 의사는 일제 강점기 1932년 4월 29일 상해 공원에서 단상 위에 있는 일제 군 관민 소뇌 부를 향해 폭탄을 투여한 뒤 12월 19일 오직 독립운동의 외길을 걸었던 짧은 생을 차가운 일본 땅에서 마감했다,서울특별시 서초구 매헌로 99
8,도산공원,공원 이름은 안창호 선생의 아호인 도산에서 따온 것으로 안 창호 선생의 애국심과 교육 정신을 기념하는 뜻으로 붙였다 도산 안창호 선생과 부인 이 혜련 여사가 함께 묻힌 곳으로 공원 동쪽에 안창호 선생 동상이 있고 서 양식 정원처럼 둥근 중앙을 중심으로 산책로가 뻗어 있다 이곳에서 매년 3월 10일에 추모 기념행사가 열린다 도산 공원 안 도산 안창호 기념관에서는 도산의 생애와 사상을 한눈에 살펴볼 수 있는 사진 서한 임시정부 사료집 도산 일기가 전시돼 있다 도산 어록과 연보 사진을 볼 수 있는 터치스크린도 함께 설치되어 있다 안창호 의사는 대한 제국의 교육개혁 운동가 겸 애국계몽 운동가이자 일제 강점기의 독립운동가 교육자 정치가이다,서울특별시 강남구 도산대로45길 20 (도산전시관)
9,전쟁기념관,전쟁 속 선조의 희생을 추모하고 기념하기 위해 만들어진 전시관이다 호국추모실 전쟁 역 사실 등 7개의 실 내 전시실과 야외 전시장으로 구성되어 있다 1층 전시실에는 선사 시대부터 625전쟁까지 그 역사가 모형으로 꾸며져 있다 모형과 더불어 2층과 3층에는 전시 자료들도 준비되어 있다 전쟁체험실은 전쟁의 극한 상황을 다양한 감각으로 체험하는 공간이다 전쟁기념관은 옥외 전시장도 들러볼 만하다 제2차 세계대전 625전쟁 베트남전쟁 등에 사용되었던 무기를 전시한다 반면 기념 조형물은 무기가 아닌 전쟁의 참상이나 아픔을 조명한다 대형 총알 모양의 휴전 50주년 기념 조형물 국군 전사자 명비는 마음을 숙연하게 만든다 시민들은 전쟁기념관에서 전쟁의 희생자들과 평화의 의미를 되새기며 그 터 전 위에 우리의 삶이 지속되고 있음을 상기하게 된다,서울특별시 용산구 이태원로 29(용산동 1가 8번지)
10,명동대성당,명동 대성당은 우리나라에서 교회 공동체가 처음 탄생한 곳으로 초창기 천주교가 박해받던 시절 순교한 사람들의 유해가 모셔져 있습니다 명동성당은 1968년에 김수환 추기경이 교구장으로 취임한 후 1970년대부터 민주화의 성지 가 되었습니다 1974년에 전 국민주청년 학생총연맹 민청학련 사건과 관련하여 지학순 주교가 중앙정보부에 체포되자 명동 성당에서 천주교 정의 구현전국사제단이 조직되었습니다 1976년에는 명동 성당에서 김대중 문익환 함석헌 등이 박정희 퇴진을 요구하는 민주 구국 선언을 발표했습니다 1980년 5·18 민주화 운동 당시에는 김수환 추기경이 시국 담화를 발표했습니다 1987년 5월 18일 천주교 정의 구현전국사제단의 김승훈 신부는 5·18 민주화 운동 7주기 추모 미사에서 박종철 고문치사와 관련된 경찰의 은 폐 조작을 폭로했습니다 그해 6월 10일 신세계백화점 앞으로 터리와 퇴계로 명동 주변의 거리에서 치열한 시위가 벌어졌습니다 이날 경찰에 밀리던 시위대는 명동성당으로 들어왔습니다 이후 6월 15일까지 명동 성당에서 농성이 진행되었습니다 이러한 사실이 보도되면서 전 국민의 민주화 열망이 뜨겁게 타올라 6월 민주 항쟁으로 발전했습니다,서울특별시 중구 명동길 74 (명동2가)
11,국립4.19민주묘지,삼각산 북한산 기슭의 국립 419 묘지는 1960년 3·15 부정선거를 자행한 권력에 맞서다 1960년 419 혁명 민주 항쟁 때에 희생된 224분이 안장되어 있으며 이를 기리는 기념탑이 세워져 있다 기념탑 중앙에는 거의 로게 죽어간 이들을 기리는 탑 문이 새겨져 있다 135901m2의 묘지 경내에는 소나무와 향나무 주목과 단풍나무 등으로 아담하게 꾸며져 있으며 16529m2 규모의 기념관과 영정을 모신 유영동 안소는 한식 목조 건물이 33058m2 규모로 확장되어 있다 그 외에 상징 문 민주의 뿌리 정의의 불꽃 등 조각 작품과 연못이 있으며 보도블록을 예쁘게 깔아 놓은 산책로와 야외의 자도 있다 벚꽃이 피는 5월 공원에서 바라보는 삼각산 북한산 은 어머니 품과 같은 아늑함과 화려함을 동시에 느낄 수 있으며 일몰의 풍경은 장관이다,서울특별시 강북구 4.19로 8길17(수유동 산9-1)
12,경교장,경교장은 대한민국 임시정부의 활동 공간이자 백범 김구 선생이 서거한 역사의 현장이다 서울시는 대한민국 임시정부의 마지막 청사이자 백범 김구가 서거한 역사적 현장인 경교장을 원형 복원하고 우리 근현대사의 역사적 현장을 돼 살려 시민들의 교육공간으로 활용하고자 경교장을 복원하였다 그뿐만 아니라 내부를 임시정부의 지나온 역사를 한눈에 조망할 수 있도록 전시 공간으로 꾸며 13 3 2 토부 터 개방하고 있다 경교장 복원 공사는 1949년 백범 김구 서거 이후 오랜 기간 대사관 및 병원 시설로 사용되면서 변형된 내부 평면을 철거하고 이 과정에서 옛 모습이 잘 남아 있는 부분은 최대한 원형을 살려 복원하였다 그렇지 않은 부분은 『조선과 건축 と 』 1938년 8월 호에 수록되어 있는 경교장 도면을 근거로 하여 복원하였다,서울특별시 종로구 교남동 새문안로 29
13,국립서울현충원,국립서울현충원은 나라와 민족을 위해 순국 한 영령들이 안장된 국립묘지이다 국가 유공자의 유골 유해를 안장하고 그 충과 의를 기리기 위해 설립되었다 개장 당시에는 625 전쟁 때 전사했던 군인 대한민국 군무원 종군자 등을 안장하는 위주로 갔었으나 국립묘지로 승격되면서 일제 강점기 때 일제에 맞서 싸우다 순국 한 애국자 및 독립유공자 등의 호국영령을 비롯해 경찰관 향토 예비군 등의 영현까지 안장함에 따라 호국 보훈 및 추모시설로 범위를 넓혀 나가게 되었다 현충원 내에는 무용용 사탑 전쟁 박물관 현충관 충렬대 등이 있다 매년 6월 6일에는 현충일 추념식이 진행된다,서울특별시 동작구 동작동 271-18
14,탑골공원,탑골공원과 팔각정은 일제 강점기인 1919년 3월 1일 당시 청년 학도와 애국시민이 이곳에 모여 학생 대표의 선언문 낭독에 이어 대한민국 만세를 외치고 시 위 행진을 벌였던 3·1독립 운동의 발 상지다 공원 내에는 원 각 사지 십층 석탑 국보 제2호 대원 각사 비 보물 제3호 독립운동 봉화에 불을 댕겼던 탑골 공원 팔각정 서울 시도 유형문화재 제73호 등이 문화재로 지정되어 있고 3·1운동 기념탑 3·1운동 벽화의 암 손병희 선생 동상 한용운 선생 기념비 등이 있다 1969년 3월 발행 한국은행권 오십 원 지폐 앞면에는 팔각 정 모습이 국보 제2호 원 각사 지 십층 석탑과 같이 그려져 있다,서울특별시 종로구 종로2가 종로 99
15,백범김구기념관,일제 강점기 시절 독립운동가이자 정치가였던 백범 김구의 삶과 사상을 널리 계승 발전시키기 위하여 설립되었다 김구의 삶과 사상을 통해 대한민국 임시정부의 역사와 격동의 한국 근·현대사를 이해하고 분단된 조국의 자주·민주·평화적 통일을 지향하며 민족의 아름다운 문화를 발전시켜 나가기 위한 문화공간으로 자리 잡고 있다 1 2층으로 구성된 전시관에는 한국 근현대사 동학 의병 애국계몽운동 대한민국임시정부의 열투쟁 한국광복군 통일 운동 교육 운동 등 와 함께 한 김구의 일 대기와 대한민국 임시정부와 관련된 사진 문서 영상물 등 500여 점이 전시되어 있다 그리고 다양한 교육·문화 프로그램을 통해 일제 강점기 시대의 김구와 한국 근현대사 더 나아가 우리의 현재와 미래에 대해 학습할 수 있는 기회를 제공하고 있다,서울특별시 용산구 임정로 26
16,효창공원,효창공원에는 일제 강점기 당시 항일 투쟁을 하다 목숨을 바친 윤봉길 이봉창 백정기 등 삼의 사 와 백범 김구 그리고 임시 정보 요인인 이동영 차이석 조성환 선생과 같이 애국선열들이 유해가 안치되어 있으며 그들을 기리는의 열사도 공원 한쪽에 자리하고 있다 열사는 애국선열들의 영정을 모신 사당이다 효창공원 입구를 통과해 직진하면 삼의 사의 묘가 있다 여기에는 윤봉길과 이봉창 백정기 안중근 의사의 묘가 있는데 안 중근 의사의 시 신은 안타깝게도 아직 찾지 못해 빈 묘로 그 자리만 남겨져 있다 삼의 사의 묘를 지나 산책로를 따라 계속 오르다 보면 애국선열을 추모하는의 열사가 나온다,서울특별시 용산구 효창동 효창원로 177-18
17,구러시아공사관,구 러시아 공사관은 1884년 러시아와 조선 사이에 조러 수호 통상조약 체결 후 1890년에 완공된 건물이다 1895년 명성황후가 살해되는 을 미사변 이후 신변에 위협을 느낀 고종이 1896년 이곳 러시아 공사관으로 피신하여 1년가량 머물게 되는데 이를 아관파천이라 한다 이로써 개혁을 주도하던 친일 내각은 친러 내각으로 교체되었으며 고종이 이곳에 머물렀던 기간 동안 국제정치의 주요한 무대가 되었다 이후 고종은 경운궁 현 덕수궁으로 환궁하여 그곳에서 대한 제국을 선포했다 하지만 그 후 러일전쟁에서 일본이 승리하게 되어 외교권을 빼앗기고 군대를 가질 수도 없게 되어 일제 강점기로 이어지게 된다,서울특별시 중구 정동길 21-18 정동공원
18,궁산땅굴역사전시관,궁산 땅굴은 태평양전쟁 말기 일제 강점기에 굴착된 곳으로 무기나 탄약 등 군수 물자를 저장하거나 김포 비행장을 감시하고 공습 때에는 부대 본부로 사용하기 위한 곳이었다고 전해진다 이곳을 건설하기 위해 인근 지역 주민을 보국대로 강제 동원하였다 일본의 패전으로 해방을 맞이하면서 굴착 공사 또한 중지됐지만 이후 이곳은 여러 가지 용도로 사용되었다 2008년 인근 주민 다수의 제보로 지하 땅굴을 발견하여 체험 전시관을 조성하기 위해 공사를 진행하던 중 일부 구간에서 대형 낙석이 발생하여 진입 방지 장치를 마련하고 땅굴을 폐쇄한 채로 관리하다가 2018년 출입구에서 땅굴 내부를 조감할 수 있는 전시관을 조성하였다,서울특별시 강서구 양천로49길 102 (마곡동 11)
19,식민지역사박물관,민족문제연구소에서 일제 강점기 당시의 역사를 소재로 설립한 사립 박물관이다 2007년에 건립위원회가 발족되었고 2018년에 개관하였다 1905년을 사조 약 통감 시대와 1910년 1945년까지의 일제 식민지 역사 그리고 해방 이후 잔존하는 친일파 청산과 친일인명사전 발행에 대한 내용을 전시하고 있으며 일제 및 친일파 매국노들의 만행과 애국지사와 독립운동가들의 활약과 업적을 소개하고 있다 또한 1992년 수요 집회를 처음으로 주도하였던 위안부 피해 할머니인 김학순 옹의 최초 위안부 증언록과 위안부 문제 해결을 위한 한국과 일본의 시민사회단체의 활동 식민지 역사를 부정하는 일본 정치인들의 망언 망동에 대한 기록도 전시하고 있다,서울특별시 용산구 청파동2가 42-8
20,심우장,심우장은 승려 시인 독립운동가였던 만 해 한용운 1879∼1944 선생이 1933년에 지은 집이다 정면 4칸 측면 1칸의 자그마한 목조 골기와 집으로 특이하게 북동쪽의 응달진 언덕을 바라보고 있다 남쪽에 있는 조선총독부를 마주하고 싶지 않다는 의지의 표현이었다고 한다 일제 강점기에 한 용운 선생은 1910년 한·일 합방이 되면서 중국에 망명하여 의병학교를 설치하고 독립군의 훈련장을 돌면서 독립정신과 민족혼을 심어주는 일에 전력하였다 1919년 3월 1일 독립운동이 일어나자 민족대표 33명 중의 한 사람으로 독립선언서를 발표하여 3년 동안 옥살이를 하였다 출옥 후에도 한용운 선생은 일본 경찰의 감시 아래 강연 등 여러 방법으로 조국 독립을 위해 힘쓰다가 1944년 심우장에서 중풍으로 죽었다,서울특별시 성북구 성북동 성북로29길 24
